CODE,Name,SubName,ShortDescription,GeneralDescription,RouteDescription,Type,GeoJson,CategoryName,AreaName,CountyName,ShapeName,MapLink,StartLocationLat,StartLocationLng,EndLocationLat,EndLocationLng,CoverImage,CoverImageHeight,MapImage,ElevationProfile,Duration,Distance,Grading,Height,Ascent,Prominence,Terrain,Gear,Safety,CarparkGettingStart,WayMarked,DogsAllowed,Facilities,Accessible,AccessibleToilet,AccessibleTerrainDescription,NearestCarpark,GeneralInfo,Other,SortOrder,IsActive,CardColour,ToEvolveTech,CoverImageFile
BHL,Bray Head Loop Walk,Hill Walk,"The Bray Head Loop is a 5.5km route and offers spectacular views of Bray, North East Wicklow, Dublin Bay and the Irish Sea","The Bray Head Loop is a 5.5km route and offers spectacular views of Bray, North East Wicklow, Dublin Bay and the Irish Sea.  If starting from the Vevay Road, go to the Wilton Hotel roundabout and look for the entrance to the woodland, which is located just beside Bus Stop 4208 – Briar Wood. A map board for the trail is located just inside the gate and can be seen from the roadside. The route is marked with red arrows.  The trail winds gently through the mature native woodland, known as Manweiler’s Wood, before a steady climb towards Bray Head Cross. This stunning location offers panoramic views over Bray and surrounding landscape.  From here, the trail continues south and offers spectacular views over the Irish Sea, with the Cliff Walk and train line running below. Note – this is farmland and cattle may be grazing. Please keep dogs on a lead at all times.  As views of Greystones opens up and the trail begins to turn inland, there is an obvious kissing gate ahead on the left.   The loop is completed by following the public footpath alongside the R761 for 1.5km back towards Bray and the roundabout on the Vevay Road.",This route will take you along the cliff walk route and over Bray Head to reach the Cross.  You will enjoy stunning views over the Irish Seas and the Wicklow Mountains.,Walk,Bray-Head-Loop.gpx,,Bray,Wicklow,Loop,bhwm1,53.18717,-6.09917,-6.09917,-6.09917,BHW2,,,,90 mins,5.5 km,Moderate,192m,120m,,,"Walking boots, raingear, snack and fluid","Part of this route is very challenging, wear correct apparel and walking shoes.","Park close by the trailhead, being careful not to impinge on any local residents or businesses.",Red,Yes,Bray,,,,"Park close by the trailhead, being careful not to impinge on any local residents or businesses.",,,,,,Release1,BHW2.jpeg
AFR,Avondale Forest Park - River Walk,River Walk,"The River Walk, starting from the car park near Avondale House and including some steep descents and climbs, is the longest and hardest of the walks at Avondale.","The River Walk, starting from the main car park including some steep descents and climbs, is the longest and hardest of the walks at Avondale. It passes a variety of tree species, goes along beside the river, under the Dublin to Rosslare railway line and enjoys  magnificent river views and a view of Lover's Leap from below. ","The River Walk, starting from the car park near Avondale House and including some steep descents and climbs, is the longest and hardest of the walks at Avondale",Walk,WW003_Avondale-Forest-Park-River-Walk.gpx,,Rathdrum,Wicklow,Loop,AVM1,52.9146364,-6.2250095,52.9146364,-6.2250095,AV1,,,,150 mins,5.2km,Moderate,130m,300m,,,"Walking boots, raingear, snack and fluid",Take care along the shores of the river as it is fast flowing.,Avondale Car Park,White,Yes,Rathdrum,,,,Avondale Car Park,,,,,,Release1,AV1.jpeg
AFC,Avondale Forest Park - Centenary Trail,Track,This trail can be walked in either direction. It celebrates 100 years of Irish forestry and follow signs that are fixed to posts or trees with information provided by signal signs at each of 20 stops. Most of the trees are over 100 years old. ,"Avondale House, set on over 600 acres of parkland and forest is a hidden gem in the heart of Wicklow. Celebrating 100 years of Irish Forestry from 1904 to 2004 the Centenary Trail takes you through the history of the forestry in what was once a forest training centre. The trail brings you through maple, sycamore, beech, larch, oak, Spanish chestnut, Douglas fir and Scots pine with many of the trees over 100 years old. 20 information posts are dotted along the route with information about the trees. This trail can be walked in either direction.",,Walk,WW001_Avondale-Forest-Park-Centenary-Trail.gpx,,Rathdrum,Wicklow,Loop,,52.913267,-6.2233674,52.913267,-6.2233674,AFC4,,AFC7,,90 mins,2.5km,Easy,130m,100m,,,"Walking boots, raingear, snack and fluid",None,Avondale Carpark,Centenary Trail Logo,Yes,Rathdrum,,,,Avondale Carpark,,,,,,Release2,AFC4.jpg
BGW,Ballygannon - Green Walk,Forest Walk,"This 30 minute walk follows paths through the trees parallel to the main road in Ballygannon forest, crossing it and returning on the western side. There is a striking piece of sculpture towards the end of the trail. Care is needed crossing the road.","This trail starts in the car park and is an ideal outing for all the family. It’s a short walk through Norway Spruce and Oak. Towards the end of this trail, one comes to a striking piece of sculpture called the “BLACK STACK”  which symbolises a petrified tree trunk from an ancient Carboniferous forest. This walk follows paths through the trees parallel to the main road, crossing it twice. Mature oak trees here were planted nearly 200 years ago and the Millennium Forest area here had 40,000 oak saplings planted in 2000. Care is needed crossing the road.  This is a loop walk and can be walked in either direction.  Ballygannon Woods offers 2 marked walks:  the Red Walk and the Green Walk",,Walk,WW006_Ballygannon-Forest-Green-Walk.gpx,,Rathdrum,Wicklow,Loop,,52.9434826,-6.237214,52.9434826,-6.237214,BGW1,,,,30 mins,0.9km,Moderate,120m,20m,,,"Walking boots, raingear, snack and fluid",This route involves the crossing of a busy road in two places,Ballygannon Forest Carpark,Green,Yes,Rathdrum,,,,Ballygannon Forest Carpark,,,,,,Release2,BGW1.jpeg
BGWT,Blessington Greenway Walking Trail,Greenway,"This walk weaves its way along the shores of Poulaphouca Reservoir as it makes its way through the countryside and forest on footpath and gravel track with a dedicated section on the N81, passing sites of historical and cultural significance and interest with magnificent scenery and the chance to appreciate the wildlife of the area.","The trail starts at Blessington and leads south along the shores of Blessington Lakes and through forest and natural woodland. The Greenway commences at The Avon Activity Centre at the southern end of the town and weaves its way along the shores, crosses an ancient medieval Ringfort, uses the footpath along part of the N81 before turning back into the forest at Burgage Moyle lane. It then crosses the Valleymount Road (R758) and makes its way to Russellstown Bay adjacent to Russborough House. Along the way you will have the opportunity to appreciate the magnificent scenery and wildlife in the area. At Russellstown carpark you will have the opportunity to divert to Russborough House. ",The trail starts at Blessington and leads south along the shores of Blessington Lakes and through forest and natural woodland,Walk,WW039_Blessington-Greenway.gpx,,Blessington,Wicklow,Linear,BGWM1,53.160646,-6.533296,53.1361,-6.5557148,BGW1,,,,90 mins,5.7km,Easy,300m,20m,,,"Walking boots, raingear, snack and fluid",,The Avon Outdoor Pursuits Centre,Green,Yes,Blessington,,,,The Avon Outdoor Pursuits Centre,,,,,,Release1,BGW1.jpg
BRW,Ballygannon - Red Walk,Forest Walk,"This 2km walk follows a forest road parallel to the main road, crossing it and making a wide loop on path and forest road through one of the People's Millennium Forests established in 2000 in which all species are native.  Care is needed crossing the road.","Ballygannon Woods forms part of the Millennium Forests project, where over 1.6 million native trees were planted, one for each household. You can now explore one of the fantastic forests with its array of native trees; oak, birch, alder and ash. This walk follows paths through oak trees planted nearly 200 years ago with an under-storey of holly and the Millennium forest of 40,000 oak trees planted in 2000. Care is needed crossing the road.",,Walk,WW007_Ballygannon-Forest-Red-Walk.gpx,,Rathdrum,Wicklow,Linear,,52.9434826,-6.237214,52.9434826,-6.237214,BRW1,,,,90 mins,2km,Moderate,170m,80m,,,"Walking boots, raingear, snack and fluid","There are two public road crossings, track can be wet and muddy after rain",Ballygannon Forest car park,Red,Yes,Rathdrum,,,,Ballygannon Forest car park,,,,,,Release2,BRW1.jpg
CWM,Crone Woods - Maulin Mountain Loop,Forest Walk,"On forest track and path, this 6.6km strenuous trail provides a high level route across the slopes of Maulin with magnificent views into Glencree and over the adjacent mountains and valleys.","Crone Wood is a very popular destination for all types of walkers. The forest gives easy access to the open mountains along with plenty of fun walks for families. The Maulin Mountain Loop is a fantastic route which takes you high on to the summit slopes of Maulin. Along the way you’ll enjoy a variety of forest types- Scots pine, Douglas fir, Sitka spruce, Larch and Corsican pine.  With a bonus of excellent views of Powerscourt Waterfall and panoramic views from the range of viewing points along the way.   Ride Rock looks over Powerscourt Waterfall and the Great Sugar Loaf, and in the distance Dublin and Dublin Bay can be clearly seen.","Starting at Crone Woods Carpark, this trail provides a high level route across the upper slopes of Maulin Mountain",Walk,WW008_Crone-Woods-Maulin-Mountain-Loop.gpx,,Enniskerry,Wicklow,Loop,,53.1644437,-6.2183955,53.1644437,-6.2183955,CWM1,,CWM8,,150 mins,6.6km,Strenuous,465m,350m,,,"Walking boots, raingear, snack and fluid",,Crone Woods entrance car park,Red,Yes,Enniskerry,,,,Crone Woods entrance car park - take note of closing time,,,,,,Release2,CWM1.jpg
DGW,The Devil's Glen - Waterfall Walk,Forest Walk,The Devil’s Glen boasts a dramatic landscape that was fashioned at the end of the Ice Age when the melt waters of the ice sheet created the valley. ,"The Devil’s Glen boasts a dramatic landscape that was fashioned at the end of the Ice Age when the waters generated from the melting of the ice sheet created this wonderful valley. The resultant gorge affords a swift decent for the Vartry River as it makes its way from the Vartry Reservoir to nearby Ashford village. The site hosts a mixture of broad leaf and conifer forest with fine stands of beech, Spanish chestnut and ash. The steep rock face of the gorge has been colonised by various species of plant life: lichens, mosses and the polypody fern.",From the entrance to the Devil’s Glen forest drive in along the forest track to reach a car park after about 2km. ,Walk,WW018_The-Devil_s-Glen-Waterfall-Walk.gpx,,Ashford,Wicklow,Loop,DGW2,53.0234532,-6.1413201,53.0234532,-6.1413201,DGW1,,,,120 mins,4.4km,Moderate,174m,50m,,,"Walking boots, raingear, snack and fluid",It’s very easy to get lost in the forest if you leave the marked trails,"Car Park, Devil’s Glen Wood",Red,Yes,Ashford,,,,"Car Park, Devil’s Glen Wood",,,,,,Release1,DGW1.jpg
DWD,Djouce Woods - Deerpark Walk,Forest Walk,"Starting at the Long Hill Car Park this 7.2km, moderate looped trail on forest road and track follows the old driving road to the Paddock Ponds before finishing with a pleasant gradual climb. ","Starting at the Long Hill car park, this route provides excellent views of Ireland's highest waterfall at Powerscourt, and brings you onto the flanks of Djouce Mountain where views over Dublin City and Bay will reward your effort.  ",,Walk,WW011_Djouce-Woods-Deerpark-Trail.gpx,,Enniskerry,Wicklow,Loop,,53.1552726,-6.1863605,53.1552726,-6.1863605,DWD1,,DWD5,,180min,7.2km,Moderate,410m,150m,,,"Walking boots, raingear, snack and fluid",The upper sections of this trail are exposed to the elements; rainwear and strong footwear are recommended.,Long Hill Car Park,Red,Yes,Enniskerry,,,,Long Hill Car Parks,,,,,,Release2,DWD1.jpg
DWT,Derrybawn Woodland Trail - Glendalough,Forest Walk,"Head out on this 7.9-km loop trail near Glendalough, County Wicklow. Generally considered a moderately challenging route, it takes an average of 2 hours to complete. ","This trail follows the Wicklow Way to visit the Poulanass Waterfall and several fantastic viewpoints of the valley before visiting the site of the monastic city on the way back to the car park. Start this trail from the Glendalough Upper Lake car park between the two lakes in Glendalough Valley, whose name comes from the Irish “Gleann Dá Loch”, meaning “valley of two lakes”. Follow the path across the Lugduff Brook before embarking on the steep ascent alongside it, which leads you to the Poulanass Waterfall, an impressive sight as the water cascades through the woodland, offering excellent photo opportunities. Cross the Lugduff Brook higher up and continue on the Wicklow Way through the woodland, passing several excellent viewpoints of the lakes on the way. The Wicklow Way is a long-distance trail that extends over 130km (80 miles), linking Marley Park in Dublin to the village of Clonegal, and winds its way through dense woodlands, across heather-clad moors, and along tranquil lakes. Follow the switchback descent to the valley and continue along the Glendasan River past Glendalough and along the southern banks of Lower Lake to return to the car park. There is a lot of varied terrain on this route.","This walk starts on the wood trail along the lower lake. It continues with a steep climbing up beside the Polanass Waterfall before turn left and gaining a high forest road. From here an easier climb brings you above the valley before dropping back down to the Green Road and return through majestic Oak forests, St Saviour's Priory and Glendalough Monastic Site to the lower lake.",Walk,WW023_Derrybawn-Woodland-Trail-Glendalough.gpx,,Laragh,Wicklow,Loop,DWTG5,53.004686,-6.345726,53.004686,-6.345726,DWTG3,,,,60 mins,8km,Moderate,280m,160m,,,"Walking boots, raingear, snack and fluid",There is a lot of varied terrain on this route. Downloading the offline map before setting out is advised.,Park at the Upper Lake car park,Pink,Yes,Laragh,,,,Upper Lake car park,,,,,,Release1,DWTG3.jpeg
FLP,Fauna Loop,Lassoo Trail,The Fauna Loop is a lassoo shaped trail of 6.1km rising to just over 300m above sea level.,This walking trail starts and finishes in the village of Donard. The minor country road at start and to finish is 1.8km long with a 4.3km loop through forest paths. The walk passes beautiful forestry with stunning views of the surrounding countryside including Lugnaquilla and the Glen of Imaal.,The walking trail starts and finishes in the village of Donard.,Walk,donard_fauna.gpx,,Donard,Wicklow,Loop,,53.02225,-6.61303,53.02225,-6.61303,FLP1,,FLP2,,180 mins,6.1km,Moderate,300m,220m,,,"Walking boots, raingear, snack and fluid",,Donard village – beside O’Keefe’s Shop,White,Yes,Donard,,,,"Street Parking, Donard village – beside O’Keefe’s Shop",,,,,,Release2,FLP1.jpg
GBC,Glen Beach Cliff Walk,Cliff Path,"This way marked walk begins at the Glen Beach on the outskirts of Wicklow town and continues south to Lime-Kiln Bay and on towards the Lighthouse road before doubling back again in a loop, a total distance of about 4km."," The trail encompasses one of the most spectacular stretches of the Wicklow coastline, offering a unique opportunity to experience nature and to explore local history and archaeology.   A wonderful variety of habitats are evident on the walk and sightings of individual Grey Seals swimming among the rocky shore are common from the trail while the very observant may be occasionally rewarded with glimpses of porpoise and dolphins further offshore.  The trail traverses a landscape of rich cultural interest. The main archaeological sites occur on the southern section of this walk. There is a rock shelter where prehistoric flints were found, the remains of a Lime Kiln (which gives the bay its name), the ruins of a small church which local lore records as dating from Penal Times and a Holy Well ‘Tobar Bríde’.  Local tradition maintains that fishermen would drink from this well in the belief that it would protect them whilst at sea.   Grey seal have been recorded in increasing numbers at Lime Kiln Bay in recent years. They breed here annually and require undisturbed areas from September to April. During this period they are particularly vulnerable to disturbance by people and dogs and are best observed from a distance.  The rocky outcrops overlooking Lime Kiln bay provide ideal viewing sites for birds and seals, however you are advised to keep your profile low to avoid drawing attention to your presence and keep dogs on a lead and never allow them to approach seals. ",,walk,WW055_Glen-Beach-Cliff-Walk.gpx,,Wicklow Town,Wicklow,Loop,,52.972475,-6.023768,52.972475,-6.023768,GBC1,,,,90 mins,2.1km,Moderate,70m,60m,,,"Walking boots, raingear, snack and fluid",This walk runs close to exposed cliff edges at times,Glen Turn Beach Car Park,Green,No,Wicklow Town,,,,Glen Turn Beach Car Park,,,,,,Release2,GBC1.jpg
ALG,Arklow Loops Glenart Walk,Forest Walk,Due to extensive works on the river bank in Arklow this walk is best started at Sunbeam Services Campus in Ballyraine. From here you can access the Coillte forest at Glenart where it makes a long loop before returning to the cafe at Ballyraine.,"Glenart Wood is situated to the south of the Avoca River on the outskirts of Arklow.  This loop walk allows views of Glenart Castle and on through woodland which includes oaks dating from the 1820’s, Western Hemlock, Sitka spruce, grand fir, beech, ash, Scots pine and birch.  There’s plenty to see and the walk is relatively flat. The Glenart estate dates from the Norman invasion when Theobald Walter, from whom the Butlers and the Dukes of Ormond are descended, was granted a large tract of lands in Co Wicklow. The Butler family owned the estate until the late 17th century when it passed through marriage to the Proby family. Glenart is a small glen with small streams flowing into the Avoca River.The site hosts fox, rabbit, badger, stoat and hare.  ",From the car park follow the amblng trial through the forest using the red arrow trail markings.,Walk,WW013_Glenart-Wood-Walk.gpx,,Arklow,Wicklow,Loop,GWWM1,52.80175,-6.177907409,52.80175,-6.177907409,GWW1,,,,165 mins,6.2km,Moderate,90,90,,,"Walking boots, raingear, snack and fluid",ACCESS TO THIS TRAIL HAS BEEN SEVERELY IMPACTED BY WORKS IN THE AREA. Due to extensive works on the river bank in Arklow this walk is best started at Sunbeam Services Campus in Ballyraine.,Ballyraine Campus,Green,Yes,Arklow,,,,Ballyraine Campus,,,,,,Release1,GWW1.jpg
LMP,Lacken Mass Path,Mass Path,"This ""Mass Path"" was used for over 200 years by the people of Lugnagun and  Blackrock to go to church, school, shop and pub in Lacken before cars became plentiful and is marked  on the Griffiths Valuation maps of 1856.","This ""Mass Path"" was used for over 200 years by the people of Lugnagun and  Blackrock to go to church, school, shop and pub in Lacken before cars became plentiful and is marked  on the Griffiths Valuation maps of 1856. It is built with stone walls 8 feet high in places and passes through a landscape still bearing the scars of the famine years, ruined houses and potato ridges, etc. Views of Poulaphuca Reservoir and Mid Leinster as far as the Slieve Bloom Mountains are magnificent. ","The Mass Path in Lacken starts at the very centre of the Village, near the school.",Walk,WW104_Lacken-Mass-Path.gpx,,Lacken,Wicklow,Linear,LMPM1,53.140278,-6.488517,53.140278,-6.488517,LMP1,,,,30 mins,1.9km,Moderate,352m,110m,,,"Walking boots, raingear, snack and fluid",,10 m to left of old shop in Lacken (Now Closed),Green,Yes,Lacken,,,,10 m to left of old shop in Lacken (Now Closed),,,,,,Release1,LMP1.jpg
MRW,Miners Road Walk - Glendalough,Forest Walk,"This easy 2.6km linear, 70 minute ramble starts in the Upper car park and brings you along the shoreline of the lake.","As you get deeper into the valley the rugged mountains loom high above. Here you can explore the old mining works. Don’t forget to keep an eye for Saint Kevins Bed on the other side of the lake.  This walk skirts one side of the Upper Lake on a sandy road along the floor of the valley, passing through Scots Pine woodland before reaching the ruined miners’ village. Halfway along the trail, the cave known as St. Kevin’s Bed can be seen across the lake and the views of the lake and surrounding mountainsides are impressive.",,Walk,WW028_Miners-Road-Walk-Glendalough.gpx,,Laragh,Wicklow,Linear,,53.004686,-6.345726,53.004686,-6.345726,MRW1,,,,70 mins,2.6km,Easy,130m,20m,,,"Walking boots, raingear, snack and fluid",The upper end of the walk can be very exposed to wind,National Park Information Office near the Upper Lake,Purple,Yes,Laragh,,,,National Park Information Office near the Upper Lake,,,,,,Release2,MRW1.jpg
PGL,Poulanass - Glendalough,Hill Walk,"This 1.6km moderate, pink waymarked, looped trail begins with a short but steep climb on a path up by Poulanass Waterfall. The trail crosses above the waterfall onto forest road to drop down through mixed woodlands to the valley floor.",The steep climb up along the Poulanass Waterfall is worth the effort. The name Poulanass is taken from the Irish ‘Poll an Eas’ which means ‘hole of the waterfall’. As you reach the highest point you turn left over the bridge and start the descent through the Oak woods to the car park.,This trail begins with a short but steep climb on a path up by Poulanass Waterfall and plunge pools. The trail crosses above the waterfall onto forest road to drop down through mixed woodlands to the valley floor (listen out here for the woodland birds).,Walk,WW021_Poulanass-Glendalough.gpx,,Laragh,Wicklow,Loop,,53.004686,-6.345726,53.004686,-6.345726,PGL1,,,,45 mins,1.6km,Moderate,210m,120m,,,"Walking boots, raingear, snack and fluid",Not suitable for pushchairs/wheelchairs etc,Upper Lake Car Park,Pink,Yes,Laragh,,,,Upper Lake Car Park,,,,,,Release2,PGL1.jpg
ARK,Avoca Red Kite Loop,Forest Walk,"Sitting amid this natural wonderland, the Avoca Red Kite Loop takes you on a short but sweet walk around Kilmagig Forest.","Not only will walkers love this 2.5km trail, but birdwatchers are in for a real treat too! In 2009, The Golden Eagle Trust re-introduced a set of Red Kite birds into Kilmagig Forest and within five years there were 30 breeding pairs who have made their habitat around the Red Kite Walk, which is part of the forest and the population continues to thrive. Well signposted, this self-guided walk overlooks Avoca Village and you will enjoy stunning scenery along its route. There’s also a cemetery along the trail dating back to the 1800s, along with beautiful flora and fauna.","The Red Kite walk will take you through some wonderful woodland and you can view Avoca village from the forest walk that overlooks it, just follow the red way marking signs.",Walk,WW037_Avoca-Red-Kite-Loop.gpx,,Avoca,Wicklow,Loop,RKW5,52.85936,-6.21098,52.85936,-6.21098,RKW4,,,,60 mins,2.5km,Moderate,,80m,,,"Walking boots, raingear, snack and fluid",Wear correct apparel and walking shoes,From the car park opposite the church in Avoca village face the church and turn left. Continue along the main road for about 100 metres towards the community hall.,Red,Yes,Avoca,,,,Car park opposite church in Avoca Village,,,,,,Release1,RKW4.jpg
SGG,Spinc & Glenealo Valley - Glendalough,Hill Walk,"This 8.8km, strenuous, 3.5hr loop following white way markers circumnavigates the Upper Lake via Poulanass Waterfall and the Spinc before descending into the Glenealo Valley.  ",The Spinc ridge overlooks the spectacular Glendalough Valley. A tough climb is rewarded with breathtaking views not just of the Valley but as you climb high the  view over the Wicklow Uplands opens out around you.  The trail ascends steeply on a path up by Poulanass Waterfall before reaching a spectacular viewing point overlooking the Upper Lake. The route skirts the top of the cliffs with more breathtaking views before descending through blanket bog and down a rocky trail to the deserted Miners Village and returning on a good wide trail alongside the upper lake shore.,,Walk,WW024_Spinc-and-Glenealo-Valley-Glendalough.gpx,,Laragh,Wicklow,Loop,,53.004686,-6.345726,53.004686,-6.345726,SGG1,,SGG5,,210 mins,8.8km,Strenuous,500m,380m,,,"Walking boots, raingear, snack and fluid","High mountain route, exposed to the weather, proper footwear and rainwear required, dogs on leads at all times, dangerous exposed cliffs - do not leave the trail.",Upper Lake Car Park,White,Yes,Laragh,,,,Upper Lake Car Park,,,,,,Release2,SGG1.jpg
KPP,St Kevins Way - Pilgrim Path,Hill Walk,St Kevin's Way follows in the footsteps of St Kevin through the hills of Wicklow to the haunting and mysterious valley of Glendalough where he spent the rest of his life in solitary prayer and contemplation.,"St Kevin's Way follows in the footsteps of St Kevin through the hills of Wicklow to the haunting and mysterious valley of Glendalough where he spent the rest of his life in solitary prayer and contemplation. After Kevin's death in AD 618, what had been a humble hermit's retreat developed into an impressive monastic city which was to continue as a centre of piety and learning for many years to come. Medieval pilgrims came from far and wide to visit Kevin's tomb, and the alternative starting points to the walk reflect the different directions from which they are likely to have travelled. The main route starts in Hollywood, while the alternative route comes from Valleymount. The paths meet and join at Ballinagee Bridge. The walker then climbs towards the spectacular Wicklow Gap, a classic example of a wind gap' and the highest point on the route. The flagstones of the old pilgrimage road are still visible in sections. The route then follows the descent of the Glendasan River into the Valley of Glendalough. Before proceeding to the monastic buildings, a visit to the fine interpretative centre beside Glendalough carpark will give an overview of the history of the area.  Little remains of the early monastery that grew up around St Kevin's tomb, and most of the monastic buildings date from the eleventh and twelfth centuries, the heyday of the European pilgrimage. The cluster includes one of the country's best preserved examples of a round tower. The valley beyond the monastic settlement has much to offer, including a view of the inaccessible ˜St Kevin's Bed' from which he reputedly hurled a seductive maiden into the lake below in a determined effort to preserve his chastity. ",Start is shown above as Hollywood or Valleymount but this trail can be started from Glendalough either.,Walk,WW029_St-Kevins-Way-Pilgrim-Path-Hollywood-to-Glendalough.gpx,,Laragh,Wicklow,Linear,SKWPPM1,53.0923618,-6.6029978,53.0108587,-6.3255501,SKWPP3,,,,1 day,34.3km,Strenuous,470m,580m,,,"Walking boots, raingear, snack and fluid","***Do not enter farmland if you have dogs with you, even on a leash, unless with the permission of the landowner***This trail is waymarked with yellow walking pilgrim and arrow on black posts N.B. During the heavy rainstorm in October 2011 the bridge over the Gleenreemore Brook on St. Kevin's Way was washed away. This river may be impassable at this point when the river is high. This note will be updated when the bridge has been repaired.",Hollywood,Yellow,Yes,Hollywood,,,,Church Car Park Hollywood,,,,,,Release1,SKWPP3.jpg
KPPV,St Kevins Way - Pilgrim Path (Valleymount),Hill Walk,St Kevin's Way follows in the footsteps of St Kevin through the hills of Wicklow to the haunting and mysterious valley of Glendalough where he spent the rest of his life in solitary prayer and contemplation.,"St Kevin's Way follows in the footsteps of St Kevin through the hills of Wicklow to the haunting and mysterious valley of Glendalough where he spent the rest of his life in solitary prayer and contemplation. After Kevin's death in AD 618, what had been a humble hermit's retreat developed into an impressive monastic city which was to continue as a centre of piety and learning for many years to come. Medieval pilgrims came from far and wide to visit Kevin's tomb, and the alternative starting points to the walk reflect the different directions from which they are likely to have travelled. The main route starts in Hollywood, while this alternative route comes from Valleymount. The paths meet and join at Ballinagee Bridge. The walker then climbs towards the spectacular Wicklow Gap, a classic example of a wind gap' and the highest point on the route. The flagstones of the old pilgrimage road are still visible in sections. The route then follows the descent of the Glendasan River into the Valley of Glendalough. Before proceeding to the monastic buildings, a visit to the fine interpretative centre beside Glendalough carpark will give an overview of the history of the area.  Little remains of the early monastery that grew up around St Kevin's tomb, and most of the monastic buildings date from the eleventh and twelfth centuries, the heyday of the European pilgrimage. The cluster includes one of the country's best preserved examples of a round tower. The valley beyond the monastic settlement has much to offer, including a view of the inaccessible ˜St Kevin's Bed' from which he reputedly hurled a seductive maiden into the lake below in a determined effort to preserve his chastity. ",Start is from Hollywood or Valleymount but this trail can be started from Glendalough either.,Walk,WW029_St-Kevins-Way-Pilgrim-Path-Valleymount-to-Glendalough.gpx,,Valleymount,Wicklow,Linear,SKWPPM1,53.106124,-6.52505,53.0108587,-6.3255501,SKWPP3,,,,1 day,18km,Strenuous,470m,580m,,,"Walking boots, raingear, snack and fluid","***Do not enter farmland if you have dogs with you, even on a leash, unless with the permission of the landowner***This trail is waymarked with yellow walking pilgrim and arrow on black posts N.B. During the heavy rainstorm in October 2011 the bridge over the Gleenreemore Brook on St. Kevin's Way was washed away. This river may be impassable at this point when the river is high. This note will be updated when the bridge has been repaired.",Valleymount,Yellow,Yes,Valleymount,,,,Car park opposite school Valleymount,,,,,,Release1,SKWPP3.jpg
SLW,Sugar Loaf Way,Hill Walk,"This 4.5km linear route, graded strenuous, leads from the Kilmacanogue commemorative garden to the Sugarloaf car park at Red Lane.","Known locally as the 'Car Road'  the trail follows a route roughly parallel to the R755 but as it climbs, wonderful views over the Little Sugarloaf, Bray and Carrigoona open up.  Travelling through little narrow lanes bordered with old stone walls, the trail turns South and begins to climb upwards through open mountain grazing where views over Djouce, Powerscourt, Deerpark and Maulin can be enjoyed. The trail eventually joins the Sugarloaf Trail, a well-used path from the Sugarloaf car park to the summit, the Sugarloaf Way continues to the car park.  The Sugarloaf way is a linear walk which can be started at either end.",,Walk,Sugarloaf_Way-2.gpx,,Bray,Wicklow,Linear,,53.167822,-6.137624,53.144231,-6.154977,SLW1,,SLW5,,90 mins,4.5km,Strenuous,370m,295m,,,"Walking boots, raingear, snack and fluid",,Kilmacanogue 1916 Commemorative Garden,Yellow,Yes,Kilmacanogue,,,,Kilmacanogue 1916 Commemorative Garden,,,,,,Release2,SLW1.jpg
TRW,Tinahely Railway Walk,Railway Walk,"This 7.8km, 90min linear woodland trail, waymarked in red, traverses a section of the dismantled Woodenbridge to Shillelagh Railway Line.   ","This peaceful linear woodland trail can be enjoyed by all the family and offers wonderful views out into the surrounding fields and farmland of Tinahely. Two magnificent stone railway bridges mark the start and finish points, providing an appropriate introduction walk. The trail itself is rich with an abundance of flora and fauna and a large section is categorised as a Special Area of Conservation (SAC). The walk crosses the Derry River over a wooden footbridge not far from KIlcommon Bridge and follows its course to the famous oak woods at Tomnafinnogue.  Each season offers a unique walking experience; from rich carpets of bluebell in spring to lush green summer vegetation, ripe with blackberry and crab apple and sloe in autumn in stark contrast to the bare silhouettes of winter. This trail provides a safe, off road access route to Tomnafinnogue.",,Walk,WW030_Tinahely-Railway-Walk.gpx,,Tinahely,Wicklow,Linear,,52.77775,-6.48757,52.80982,-6.43674,TRW2,,TRW6,,90min,7.8km,Easy,90m,0m,,,"Walking boots, raingear, snack and fluid",,Car park for Tomnafinnoge Woods near Greenhall Bridge,Red,Yes,Tinahely,,,,Car park for Tomnafinnoge Woods near Greenhall Bridge,,,,,,Release2,TRW2.jpg
WRG,Woodland Road - Glendalough,,"This 4.6km, 1h 45m looped route, graded moderate and waymarked in grey from the Glendalough Valley over the spur to Glendasan and retuens via the Lower Lake. ",This is a pleasant walk through one of the more secretive areas of Glendalough. It leads through mixed woodlands into the neighbouring Glendasan Valley.  The trail returns via the Glendalough Hotel to join the lower lake boardwalk. ,"It weaves through mixed woodlands into the neighbouring Glendasan Valley. The trail follows the Glendasan River back towards Glendalough, where it then joins up with the boardwalk which runs through the Lower Lake wetlands.",Walk,WW027_Woodland-Walk-Glendalough.gpx,,Laragh,Wicklow,Loop,WRGM1,53.004686,-6.345726,53.004686,-6.345726,WRG1,,WRG2,,105 mins,4.6km,Moderate,210m,90m,,,"Walking boots, raingear, snack and fluid",,Upper lake car park,Grey,Yes,Laragh,,,,Upper lake car park,,,,,,Release2,WRG1.jpg
KTT,Kindlestown Trail,Forest Walk,"This easy-going route takes you around Kindlestown Wood and is suitable for most abilities, so a fantastic opportunity to get outdoors. It's one of the most beautiful and unspoiled pieces of natural forest in Wicklow. You'll be provided with picturesque views of the sea and Greystones harbour.","Kindlestown is a hidden gem known only to a few! Now is your chance to savour the breathtaking sights that the multi-access route has to offer. A flat track leads around Kindlestown Hill for 500 metres where you will find seating which will give you a chance to take in the views over the coast from Bray Head to the North to Wicklow Head and beyond to the South. Return by the same route.  The area is called after Albert de Kinley, who was a sheriff in the area in 1301. The wood formed part of the old Bellevue Estate. As you walk through the wood, there are some impressivie old specimen trees from the old estate days. Today, much of the wood contains native broadleaves of oak, ash, birch, holly and rowan along with introduced broadleaves such as beech, sycamore and sweet chestnut. There are conifer trees also, including Scots and Corsican pines, Noble and Douglas firs and and Sitka spruce",A flat track leads around Kindlestown Hill for 500 metres where you will find seating which will give you a chance to take in the views over the coast from Bray Head to the North to Wicklow Head and beyond to the South. Return by the same route. ,Walk,WW014_Kindlestown-Trail.gpx,,Delgany,Wicklow,Loop,KT6,53.1467475,-6.1042645,53.1467475,-6.1042645,Kt2,,,,30 mins,1km,Easy,180m,25m,,,"Walking boots, raingear, snack and fluid","Families with buggies, wheelchair users etc",The walk starts at Kindlestown wood car park ,,No info,Delgany,,,,Kindlestown Wood Carpark,,,,,,,no_image
BCL,Ballycumber Loop,Mountain Walk,"Starting at the top of Mangan's Lane and following blue arrows, this walk works its way around the lower slopes of Garryhoe as far as a ford over a river and road. It then climbs steeply to pass between Ballycumber Hill and Garryhoe to return to Mangan's Lane. Good views of the surrounding countryside and Mountains and of Tinahely, especially from the higher slopes.","Part of a group of three walks overlooking the pretty village of Tinahely the Ballycumber Loop is the medium length of the three. The route starts in the village and is a loop so will bring you back to the start point. You’ll trek through a variety of terrain from quiet country lanes to forests and open mountain.  Starting at Kilcommon Carpark and making its way to the top of Mangans Lane and following blue arrows, this walk works its way around the lower slopes of Garryhoe as far as a ford over a river and road. It then climbs steeply to pass between Ballycumber Hill and Garryhoe to return to Mangans Lane. Good views of the surrounding countryside and Mountains and of Tinahely, especially from the higher slopes.",,walk,ballycumber-loop.gpx,,Tinahely,Wicklow,Loop,,52.8139459,-6.4557559,52.8139459,-6.4557559,BCL1,,BCL5,,180,7.3km,Strenuous,400m,400m,,,"Walking boots, raingear, snack and fluid",Parts of the route are on exposed mountain; full mountain equipment required.,Village Square Carpark Tinahely,Blue,No,Tinahely,,,,Village Square Carpark Tinahely,,,,,,Release2,no_image
GRW,Green Road Walk - Glendalough,Forest Walk,"This easy 2.7km route, with green waymarkers travels around the lower lake in Glendalough.",An easy stroll on track and boardwalk over slightly undulating ground along the valley floor brings you to the Lower Lake. As you ramble along the Green Road majestic Oaks dominate the woodland. The loop trail then takes you along the boardwalk to explore the wetland of the Lower Lake and it’s inhabitants. Views up the valley from the boardwalk are spectacular.,,Walk,WW020_Green-Road-Walk-Glendalough.gpx,,Laragh,Wicklow,Loop,,53.004686,-6.345726,53.004686,-6.345726,GRW1,,GRW3,,50 mins,2.7km,Easy,140m,20m,,,"Walking boots, raingear, snack and fluid",,National Park Information Office near the Upper Lake,Green,Yes,Laragh,,,,National Park Information Office near the Upper Lake,,,,,,Release2,no_image
KLP,Kyle Loop,Hill Walk,"Starting at the the village square car park, this 12.3km strenuous route loops around Garryhoe and Ballycumber Hill as far as Kyle and then climbs over the Hill to return to Mangan's Lane and the centre of Tinahely.","Part of a group of 3 walks overlooking the pretty village of Tinahely the Kyle Loop is the longest and toughest walk but the rewards are plentiful. The route starts in the village and is a loop so will bring you back to the start point. You’ll trek through a variety of terrain from quiet country lanes to forests to open mountain. Starting at Kilcommon Bridge, climbing Mangans Lane and following purple arrows, this walk works its way around the lower slopes of Garryhoe and Ballycumber Hill as far as Kyle and then climbs over the Hill to return to Mangans Lane. Good views of the surrounding countryside, mountains and of Tinahely, especially from the top of the Hill.",,Walk,WW033_Kyle-Loop.gpx,,Tinahely,Wicklow,Loop,,52.8139459,-6.4557559,52.8139459,-6.4557559,KLP1,,KLP3,,300 mins,12.3km,Strenuous,520m,500m,,,"Walking boots, raingear, snack and fluid",Parts of the route are on exposed mountain; full mountain equipment required.,Village Square Carpark Tinahely,Purple,No,Tinahely,,,,Village Square Carpark,,,,,,Release2,no_image
MLP,Mangan's Loop,Mountain Walk,"Starting at the village square, this 3.8km strenuous route summit son Garryhoe Hill, crosses open ground and descends to Mangan's Lane.","Part of a group of three walks overlooking the pretty village of Tinahely the Mangan Loop is the shortest of the three. The route starts in the village and is a loop so will bring you back to the start point. You’ll trek through a variety of terrain from quiet country lanes to forests to open mountain.  Starting in the village square and making its way to the top of Mangans Lane and following green arrows, this walk climbs fairly steeply over Garryhoe Hill, crosses open ground and descends to Mangans Lane. Good views of the surrounding countryside and Mountains and of Tinahely, especially from the higher slopes.",,walk,WW031_Mangans-Loop.gpx,,Tinahely,Wicklow,Loop,,52.8139459,-6.4557559,52.8139459,-6.4557559,MLP1,,MLP2,,90 mins,3.8km,Strenuous,390m,200m,,,"Walking boots, raingear, snack and fluid",Parts of the route are on exposed mountain; full mountain equipment required,Village Square Carpark Tinahely,Green,No,Tinahely,,,,Village Square Carpark Tinahely,,,,,,Release2,no_image
SEB,Shay Elliot Forest Car Park - Ballyboy Viewpoint Trail,Forest Walk,"This linear, 60 minute, 1.2km trail follows forest roads and from the car park to the open knoll of Ballybraid Viewpoint.","A short and enjoyable walk which brings you to Ballybraid/ Ballyboy Viewpoint. From here you’ll get fantastic views south over the Wicklow Mountains. The highest mountain in Ireland outside of Kerry dominates the view; Lugnaquilla. Also in view are from left to right are Croaghanmoira, Carrawaystick then Lugnaquilla and further views over Cullentragh, Mullacor and Cloghernagh Mountains.",,Walk,shay-elliot-forest-car-park-ballyboy-viewpoint-trail.gpx,,Laragh,Wicklow,Linear,,52.9689164,-6.3182702,52.9689164,-6.3182702,SEB1,,,,60 mins,1.2km,Moderate,250m,30m,,,"Walking boots, raingear, snack and fluid",,Shay Elliott Car Park,Blue,Yes,Laragh,,,,Shay Elliott Car Park,,,,,,Release2,no_image
SSG,Spinc - Short Route - Glendalough,Track,"This 2hr, strenuous, 4.3km route ascends steeply by Poulanass Waterfall which leads onto the spinc boardwalk before descending via the blue waymarkers.","The walk ascends beside the the Poulanass Waterfall. From there, a steep climb leads to the boardwalk along the Spinc, before cutting down to the left to meet the forest track to lead back towards the Information Office. ",,Walk,WW026_Spinc-Short-Route-Glendalough.gpx,,Laragh,Wicklow,Loop,,53.004686,-6.345726,53.004686,-6.345726,SSG1,,SSG3,,120mins,4.3km,Strenuous,400m,280m,,,"Walking boots, raingear, snack and fluid",Dangerous cliffs - do not leave the boardwalk,Upper Lake Car Park,Blue,Yes,Laragh,,,,Upper Lake Car Park,,,,,,Release2,no_image
DGS,The Devil's Glen - Seamus Heaney Walk,Forest Walk,"This 120 minute, 3.8km moderately graded looped trail leads around Devil's Glen forest. ","From the entrance to the Devil’s Glen forest, drive along the forest track to reach a car park after about 2km.  The Seamus Heany Walk, waymarked white, is named after the famous local poet and Nobel Prize winner.  ",From the entrance to the Devil’s Glen forest drive in along the forest track to reach a car park after about 2km. Along the route you will find some unusual and interesting sculptures.,Walk,WW019_The-Devil_s-Glen-Seamus-Heaney-Walk.gpx,,Ashford,Wicklow,Loop,DGM1,53.0234532,-6.1413201,53.0234532,-6.1413201,DGS2,,DGS6,,120min,3.8km,Moderate,242m,156m,,,"Walking boots, raingear, snack and fluid",,"Car Park, Devil’s Glen Wood",White,Yes,Ashford,,,,"Car Park, Devil’s Glen Wood",,,,,,Release2,no_image
